year,country,pop,labor_force,gdp,unemployment_r,pop_over_65,gdp_over_pop,continent,hours_worked_over_pop_combined,pop_0_to_14,pop_15_to_64,gdp_ppp_c,gdp_ppp,gdp_c
1991,China,1150780000,647240828,383373318083.624,2.37,5.39704737448461,333.14214540018423,3,1119.454945524018,NA,NA,2041068761921.05,1258570150059.87,1122543213961.28
1991,"Hong Kong SAR, China",5752000,2897542,88959997899.9293,1.8,8.90465467151137,15465.924530585762,3,1104.3905985581982,NA,NA,190533418942.55,113775538621.65,128779410834.401
1991,Japan,123964000,65401208,3648065760648.88,2.059,12.8981764131666,29428.42890394695,3,1062.3352904464198,NA,NA,4533578883275.26,2631467510417.43,3633170889061.82
1991,"Korea, Rep.",43295704,19597696,330647042837.334,2.407,5.04813243521412,7636.948063884906,3,1151.2942910505917,NA,NA,659318145976.704,410211321362.576,444840963700.951
1991,"Macao SAR, China",362390,156221,3765249711.09098,3.01,6.52748899322692,10390.04859706664,3,1086.7962948111012,NA,NA,19180856574.1122,10029414335.6007,10891834056.9264
1991,Mongolia,2200077,786788,2379018326.31579,5.687,3.75057412776328,1081.334119812984,3,1039.8790087407044,NA,NA,12719772331.1187,6892683694.93992,3494212069.76499
1991,"Korea, Dem. People's Rep.",21115534,11309511,NA,2.394,4.53930515182105,NA,3,995.5592588420266,NA,NA,NA,NA,NA
1992,China,1164970000,655427871,426915712715.856,2.37,5.51404922486478,366.4606923061161,3,1119.3650006169976,NA,NA,2331401191963.71,1470356548625.91,1282219705619.77
1992,"Hong Kong SAR, China",5800500,2880621,104272507639.282,1.96,9.16504367613784,17976.468862905265,3,1046.7799229654877,NA,NA,202412934597.593,123623733597.691,136808642848.108
1992,Japan,124425000,66253382,3980702922117.66,2.158,13.4122782560121,31992.790211916097,3,1052.6642274418325,NA,NA,4574407663005.5,2715675018159.04,3665890719855.77
1992,"Korea, Rep.",43747962,20042803,355524903068.056,2.513,5.22139449323992,8126.662061836299,3,1151.7923590051157,NA,NA,700186922750.594,445566678589.937,472415066061.572
1992,"Macao SAR, China",372370,160739,4914365189.04984,2.197,6.58217174070379,13197.53253229272,3,1100.7792562195325,NA,NA,21731715283.8577,11622175699.4431,12340337134.0367
1992,Mongolia,2236494,811494,1317611863.84977,5.866,3.66562657123752,589.1416940308224,3,1052.268414114197,NA,NA,11542370967.6836,6397199493.09439,3170771527.90814
1992,"Korea, Dem. People's Rep.",21439991,11552895,NA,2.427,4.69278415275454,NA,3,995.5592588420266,NA,NA,NA,NA,NA
1993,China,1178440000,663270310,444731282435.515,2.69,5.66122075324302,377.38983947890006,3,1119.544276080622,NA,NA,2655086622394.26,1714187886840.47,1460239618602.01
1993,"Hong Kong SAR, China",5901000,2951648,120354212475,1.96,9.41761218087664,20395.5621886121,3,1076.4625794695232,NA,NA,214964959209.755,134401881470.409,145292416158.345
1993,Japan,124829000,66645894,4536940479038.25,2.539,13.9231270752069,36345.244126270736,3,1021.0689282338238,NA,NA,4553401081119.86,2767279212213.77,3649056226897.65
1993,"Korea, Rep.",44194628,20378898,392665710525.411,2.878,5.39834414952629,8884.919464089866,3,1161.0696044187732,NA,NA,748342097215.206,487498211137.348,504905290009.969
1993,"Macao SAR, China",380712,169424,5665606114.80317,2.057,6.67472173884493,14881.606344961992,3,1107.1745146171847,NA,NA,22858691686.282,12514654995.9847,12980289782.3373
1993,Mongolia,2270311,832817,768401634.154573,5.861,3.58455216387707,338.4565524963641,3,1052.268414114197,NA,NA,11176617291.7578,6341315006.20029,3070296387.65315
1993,"Korea, Dem. People's Rep.",21773017,11776956,NA,2.53,4.85573507924361,NA,3,995.5592588420266,NA,NA,NA,NA,NA
1994,China,1191835000,671847538,564321854521.013,2.9,5.8167887921069,473.48991640706384,3,1122.259686918938,NA,NA,3001225131285.81,1979036201966.43,1650608234052.85
1994,"Hong Kong SAR, China",6035400,3035894,135811771026.33,1.9,9.6831394326234,22502.53024262352,3,1086.9414509452984,NA,NA,227940516305.168,145557517596.201,154062450345.887
1994,Japan,125178000,66939127,4998797547740.97,2.89,14.4403485702924,39933.51505648732,3,1015.6236239594816,NA,NA,4602731862291.09,2856992786468.72,3688589488080.59
1994,"Korea, Rep.",44641540,20965034,463619823515.164,2.476,5.59324891543996,10385.390457299723,3,1178.99180798741,NA,NA,817703429271.257,544057830051.644,551703276662.813
1994,"Macao SAR, China",388779,177844,6311207779.92441,2.48,6.76218782111711,16233.407102555462,3,1107.1745146171847,NA,NA,23830884955.3421,13325487876.8841,13532348952.2158
1994,Mongolia,2301510,851157,925817092.217484,5.709,3.52149164646435,402.2650747628661,3,1051.84331020918,NA,NA,11415169077.0896,6614952540.8744,3135828262.42822
1994,"Korea, Dem. People's Rep.",22105225,11983966,NA,2.639,5.03992619482331,NA,3,995.5592588420266,NA,NA,NA,NA,NA
1995,China,1204855000,681135001,734484834573.582,3,5.98053227064555,609.6043379274536,3,1127.9425524825876,NA,NA,3329977961864.49,2241858406503.81,1831415106374.65
1995,"Hong Kong SAR, China",6156100,3088667,144652295363.667,3.22,10.008097556335,23497.392076747776,3,1056.0650333531717,NA,NA,233351241700.354,152137012845.825,157719499237.604
1995,Japan,125472000,67168034,5545563663889.7,3.15,14.9631600789223,44197.61910139075,3,1009.2385233358837,NA,NA,4723829719934.14,2993644735915,3785636263364.36
1995,"Korea, Rep.",45092991,21459939,566581003128.204,2.063,5.79407025258673,12564.72437430917,3,1204.12252281346,NA,NA,896322060200.978,608871842065.342,604747148973.984
1995,"Macao SAR, China",396641,186099,7046147736.91671,3.581,6.84813219006608,17764.547126788984,3,1125.0570313244837,NA,NA,24616235787.6892,14053233022.461,13978309793.9198
1995,Mongolia,2330334,867044,1452165005.2384,5.5,3.48557406053683,623.1574552138878,3,1047.837991858362,NA,NA,12143048987.2567,7184288883.50938,3335782058.86711
1995,"Korea, Dem. People's Rep.",22385536,12189870,NA,2.659,5.22523996688666,NA,3,995.5592588420266,NA,NA,NA,NA,NA
1996,China,1217550000,691090313,863749314718.538,3.12,6.14678605221229,709.4158882333686,3,1137.2698930778763,NA,NA,3660396914986.99,2509423758154.02,2013138309684.44
1996,"Hong Kong SAR, China",6435500,3235494,159718183550.734,2.83,10.3041181309978,24818.302160008392,3,1106.0850633790574,NA,NA,243288672739.802,161519760604.235,164436097940.183
1996,Japan,125757000,67627310,4923391533851.63,3.383,15.5087837165044,39150.03963080886,3,1012.235120112598,NA,NA,4871868449276.63,3143992144629.41,3904273220115.03
1996,"Korea, Rep.",45524681,21896543,610167053824.007,2.048,6.00193921759047,13402.994604706992,3,1213.283863953899,NA,NA,967048174816.988,668944044114.198,652465952372.005
1996,"Macao SAR, China",404297,194239,7176892950.39164,4.249,6.94130799882265,17751.536495179633,3,1116.3319831660483,NA,NA,24513115098.5745,14250565980.9845,13919752793.1241
1996,Mongolia,2357033,885063,1345719472.35883,5.533,3.46709189052508,570.9379004701376,3,1047.837991858362,NA,NA,12414457527.5703,7479331657.90405,3410339918.29364
1996,"Korea, Dem. People's Rep.",22614347,12370248,NA,2.693,5.40490058357863,NA,3,995.5592588420266,NA,NA,NA,NA,NA
1997,China,1230075000,702212322,961601980984.623,3.23,6.31515927908334,781.7425612134407,3,1151.673451523145,NA,NA,3998499721193.33,2788484510926.54,2199087464269.01
1997,"Hong Kong SAR, China",6489300,3274618,177353174849.714,2.22,10.5013696129128,27330.09336133543,3,1113.6375232761868,NA,NA,255695773289.541,172684224230.099,172821918694.496
1997,Japan,126057000,68180348,4492448605638.94,3.374,16.0812831216864,35638.23195569417,3,1002.5760171985688,NA,NA,4919672622292.62,3229588924781.63,3942583070731.74
1997,"Korea, Rep.",45953580,22397570,569755022973.035,2.608,6.2474695344953,12398.490454346213,3,1197.2619641317551,NA,NA,1026720389434.45,722468658677.207,692726706028.768
1997,"Macao SAR, China",411700,202411,7267570892.70211,3.261,7.03122058686008,17652.58900340566,3,1116.3319831660483,NA,NA,24444708304.8053,14455855880.3212,13880908050.0219
1997,Mongolia,2381771,901929,1180934202.83801,5.611,3.45133863596907,495.8218917091568,3,1047.837991858362,NA,NA,12898213380.3997,7904782843.66822,3543231097.14284
1997,"Korea, Dem. People's Rep.",22827373,12576064,NA,2.782,5.60229379000378,NA,3,995.5592588420266,NA,NA,NA,NA,NA
1998,China,1241935000,712827235,1029060747620.65,3.24,6.51267036416146,828.5946910431303,3,1169.0663012894631,NA,NA,4312220081533.43,3041065308745.31,2371626806476.09
1998,"Hong Kong SAR, China",6543700,3328056,168885443660.072,4.58,10.7144643932627,25808.86098997081,3,1094.2196287064232,NA,NA,240653983938.69,164352317866.623,162655341191.985
1998,Japan,126400000,68191910,4098362709531.24,4.078,16.6570542146884,32423.755613380064,3,976.2162816455696,NA,NA,4857176520735.19,3224451308869.43,3892499235707.73
1998,"Korea, Rep.",46286503,22007668,383331833681.821,6.963,6.51171164252291,8281.719482714454,3,1076.4816868840887,NA,NA,974055299256.771,693124625328.878,657193648716.458
1998,"Macao SAR, China",418776,205902,6797792190.19681,4.607,7.11466273138862,16232.525718276142,3,1108.4273990119111,NA,NA,23327329273.4471,13950110029.3693,13246405261.2013
1998,Mongolia,2405148,919732,1124440204.84738,5.751,3.43612878788981,467.5139346299604,3,869.5005196820407,NA,NA,13329005529.755,8260603886.92579,3661572769.35615
1998,"Korea, Dem. People's Rep.",23023636,12729427,NA,2.974,5.82594773475397,NA,3,995.5592588420266,NA,NA,NA,NA,NA
1999,China,1252735000,722366758,1094003874937.34,3.25,6.72078988993725,873.2923363180082,3,1183.9146632981892,NA,NA,4642607356110.92,3320392312069.32,2553332587278.43
1999,"Hong Kong SAR, China",6606500,3341325,165768095391.557,6.25,10.9451051718208,25091.666599796717,3,1099.091224696662,NA,NA,246686469324.366,170856191753.701,166732630720.227
1999,Japan,126631000,67983381,4635982224063.88,4.677,17.2237546118562,36610.1683163197,3,944.6716048992744,NA,NA,4840956953231.78,3258971755243.63,3879501014654.61
1999,"Korea, Rep.",46616677,22254063,497514040642.262,6.342,6.80143666300172,10672.447558676524,3,1090.8458657354693,NA,NA,1085749659627.18,783492526099.428,732553666046.982
1999,"Macao SAR, China",425518,211178,6547670439.26,6.348,7.18806254964537,15387.528704449636,3,1107.4559417440737,NA,NA,22777216131.9121,13813886119.7909,12934023953.9858
1999,Mongolia,2428488,939035,1057408588.68269,5.84,3.41935052167244,435.4184944223278,3,869.5005196820407,NA,NA,13738255184.9967,8634719686.65931,3773996564.97664
1999,"Korea, Dem. People's Rep.",23204498,12821238,NA,3.166,6.08209895517022,NA,3,1007.5653663705724,NA,NA,NA,NA,NA
2000,China,1262645000,731993935,1211331651866.09,3.26,6.92062921691781,959.3604313691418,3,1191.7478264358335,NA,NA,5036769057117.47,3683895772379.01,2770112908903.6
2000,"Hong Kong SAR, China",6665000,3353910,171668891194.349,4.92,11.1682769552806,25756.77287237044,3,1129.8630767677205,NA,NA,265591140588.191,188116473376.969,179510086984.251
2000,Japan,126843000,67817652,4968359075956.59,4.748,17.8048884489408,39169.359570150424,3,941.9188287883446,NA,NA,4974792351105.4,3461199212871.49,3986755544464.21
2000,"Korea, Rep.",47008111,22867804,576179387819.613,4.063,7.13398058941335,12257.020662234503,3,1135.5731765867645,NA,NA,1184127626613.68,871475638525.286,798929132744.302
2000,"Macao SAR, China",431896,216467,6774193548.3871,6.874,7.25406956080811,15684.779549676545,3,1124.5548776971689,NA,NA,24086134185.8241,14938609735.4717,13677292023.4925
2000,Mongolia,2450979,961847,1136896123.61298,5.985,3.42434524646167,463.8538819031007,3,869.5005196820407,NA,NA,13895704125.9689,8931513813.72092,3817248910.66296
2000,"Korea, Dem. People's Rep.",23367059,12956803,NA,3.147,6.36499855704994,NA,3,1102.99877686473,NA,NA,NA,NA,NA
2001,China,1271850000,739359562,1339400897105.11,3.8,7.1210751843817,1053.1123144278886,3,1202.5205023334795,NA,NA,5456620701629.82,4080839898586.26,3001022138034.24
2001,"Hong Kong SAR, China",6714300,3439630,169404327616.605,5.09,11.4200067734645,25230.37809103034,3,1145.9425643745894,NA,NA,267080571669.216,193430981662.88,180516776824.581
2001,Japan,127149000,67626063,4374711694090.87,5.02,18.4193967231786,34406.18246380916,3,930.0453011820778,NA,NA,4994000194816.65,3552841434344.91,4002148544213.45
2001,"Korea, Rep.",47370164,23226360,547656279894.587,3.699,7.49145805176226,11561.207174511512,3,1143.1072730541991,NA,NA,1241586230493.65,934349291854.747,837696366558.277
2001,"Macao SAR, China",439122,221348,6860272608.45211,6.393,7.30275413210907,15622.70304938516,3,1124.5548776971689,NA,NA,24781841488.426,15716185610.8961,14072348858.5641
2001,Mongolia,2472601,985310,1267997934.3125,6.107,3.45342819160876,512.8194699882836,3,869.5005196820407,NA,NA,14306004046.7735,9402283755.72199,3929961221.71521
2001,"Korea, Dem. People's Rep.",23512522,13062752,NA,3.16,6.67160247633155,NA,3,1114.502278895571,NA,NA,NA,NA,NA
2002,China,1280400000,747567965,1470557654799.95,4.24,7.31742537683695,1148.5142571071149,3,1213.053093484014,NA,NA,5955008290109.18,4522776968547.28,3275124420038.43
2002,"Hong Kong SAR, China",6744100,3493929,166348866131.028,7.28,11.6909678373601,24665.836231821595,3,1143.024447560819,NA,NA,271505268484.58,199691238854.712,183507380006.772
2002,Japan,127445000,67075751,4182846045873.61,5.386,19.0245899250223,32820.793643325436,3,911.4785672250777,NA,NA,4996095802114.07,3647933229747.3,4003827945768.8
2002,"Korea, Rep.",47644736,23664352,627246933729.618,3.046,7.87054929148506,13165.083624969988,3,1151.6039961305398,NA,NA,1337500538238.29,1019446685620.94,902409606062.147
2002,"Macao SAR, China",449665,227477,7371692774.43404,6.267,7.28675791978473,16393.743730185895,3,1148.2913713860607,NA,NA,26990053631.1723,17382583857.8434,15326280356.7926
2002,Mongolia,2494617,1007947,1396555719.97409,6.2,3.48354006175295,559.8277090126821,3,869.5005196820407,NA,NA,14983104137.6382,10000318210.201,4115965440.05725
2002,"Korea, Dem. People's Rep.",23638411,13186185,NA,3.12,7.00425267595721,NA,3,1114.502278895571,NA,NA,NA,NA,NA
2003,China,1288400000,755273046,1660280543846.79,4.58,7.50238774524324,1288.637491343364,3,1224.9285138519451,NA,NA,6552773837418.75,5075031893949.34,3603882407613.85
2003,"Hong Kong SAR, China",6730800,3479071,161385558801.811,7.86,11.9580004607595,23977.173412047752,3,1122.0664413185789,NA,NA,279803235424.208,209857394895.134,189115883226.519
2003,Japan,127718000,66836856,4519561645253.53,5.251,19.5687750153473,35387.037420359935,3,910.5150331198422,NA,NA,5072792142740.79,3753919256711.54,4065291729511.6
2003,"Korea, Rep.",47892330,23675016,702714855193.904,3.348,8.26096571818543,14672.80575394649,3,1125.5411396568616,NA,NA,1379595574894.41,1058222737252.78,930811064125.151
2003,"Macao SAR, China",462533,228595,8246479565.94248,5.995,7.22564660251269,17828.95396856544,3,1215.6100665550357,NA,NA,30131865359.3298,19789161794.2247,17110355632.5226
2003,Mongolia,2516454,1029272,1595297355.78349,6.768,3.51836423760662,633.9465596364925,3,869.5005196820407,NA,NA,16032615830.299,10912071503.0991,4404273778.31917
2003,"Korea, Dem. People's Rep.",23781707,13317729,NA,3.13,7.37591728331186,NA,3,1114.502278895571,NA,NA,NA,NA,NA
2004,China,1296075000,762251057,1955346768721.39,4.49,7.66634719129556,1508.667915607808,3,1243.0020387992618,NA,NA,7215496573067.44,5738575724796.05,3968365429214.8
2004,"Hong Kong SAR, China",6783500,3525372,169099768875.193,6.74,12.2081504210853,24928.100372255176,3,1153.2426803109267,NA,NA,304146390746.175,234249411029.044,205569150152.667
2004,Japan,127761000,66578272,4893116005656.56,4.734,20.0610687813337,38298.98017123034,3,908.2806959870384,NA,NA,5183689247918.63,3938955753801.61,4154163710034.48
2004,"Korea, Rep.",48082519,24194814,793175561887.027,3.42,8.66094406311878,16496.13161671141,3,1127.1576441307109,NA,NA,1451298556151.67,1143105567943.22,979188957980.11
2004,"Macao SAR, China",475529,242717,10643253553.184,4.905,7.15633835545429,22381.923191191283,3,1304.5334060700604,NA,NA,38156084368.1481,25732944103.7706,21666901975.6323
2004,Mongolia,2537949,1053791,1992066808.09598,6.852,3.571702977483,784.9120719510045,3,871.1892497090304,NA,NA,17736146348.2644,12396137238.1821,4872245746.85238
2004,"Korea, Dem. People's Rep.",23948930,13460245,NA,3.079,7.76236767154107,NA,3,1116.1910089225605,NA,NA,NA,NA,NA
2005,China,1303720000,769371812,2285961149879.85,4.52,7.82541745455974,1753.4141916054446,3,1257.334766097986,NA,NA,8037672954625.27,6592895776896.02,4420544471398.72
2005,"Hong Kong SAR, China",6813200,3550951,181569311742.213,5.58,12.4359464770481,26649.637724155025,3,1165.575528011101,NA,NA,326617113557.754,259443481753.372,220756860848.032
2005,Japan,127773000,66666567,4831467035389.8,4.446,20.6044121547619,37812.89501999483,3,911.3708451707324,NA,NA,5277197863477.79,4110440479265.64,4229100705435.47
2005,"Korea, Rep.",48184561,24332457,934901071332.984,3.482,9.05663545023293,19402.502625954898,3,1112.759580859312,NA,NA,1513828374352.76,1213618156671.84,1021377732486.55
2005,"Macao SAR, China",488619,258031,12160056122.3757,4.158,7.07371182864358,24886.580592190847,3,1311.8439785350581,NA,NA,41237453078.5274,28683061075.5057,23416654732.084
2005,Mongolia,2559255,1077414,2523471601.10421,7.015,3.64891345332919,986.0180408377475,3,870.8808198636705,NA,NA,19022667065.9545,13712180012.8329,5225662152.64429
2005,"Korea, Dem. People's Rep.",24100982,13585222,NA,3.032,8.1255734724834,NA,3,1124.2415160150606,NA,NA,NA,NA,NA
2006,China,1311020000,774287037,2752118657184.02,4.43,7.99680158939711,2099.2194300499,3,1251.383690561385,NA,NA,9060141767713.25,7660752769348.59,4982879973774.79
2006,"Hong Kong SAR, China",6857100,3614884,193535442896.365,4.77,12.6218529178794,28224.095156314623,3,1162.4275175651746,NA,NA,349586981406.891,286252740452.931,236281938102.053
2006,Japan,127854000,66782268,4601663122649.92,4.192,21.2572911293989,35991.546002862015,3,921.8041985389584,NA,NA,5349619495092.01,4300322202225.7,4287138774363.71
2006,"Korea, Rep.",48438292,24612208,1053216909887.56,3.254,9.47429212721663,21743.477451425413,3,1121.8700956695166,NA,NA,1593521244061.43,1302227991055.99,1075146392089.85
2006,"Macao SAR, China",501863,276694,14874098691.9082,3.822,6.99344940098134,29637.767063736916,3,1481.105842318065,NA,NA,46759208631.6996,33526744909.7074,26552179204.3975
2006,Mongolia,2581242,1099078,3414055661.61598,7.193,3.72572583275803,1322.640675154046,3,870.8808198636705,NA,NA,20650291128.5059,15344468578.4177,5672782077.14901
2006,"Korea, Dem. People's Rep.",24235761,13752011,NA,2.997,8.46196040635984,NA,3,1124.2415160150606,NA,NA,NA,NA,NA
2007,China,1317885000,776045127,3550327802998.4,4.35,8.15896421485941,2693.9587316028333,3,1233.1229528940898,NA,NA,10349477943026.9,8988029531096.95,5691986693310.73
2007,"Hong Kong SAR, China",6916300,3662908,211596944503.8,4.01,12.7458212081759,30593.951173864636,3,1186.9956405001794,NA,NA,372187131113.23,313015143138.19,251557126990.724
2007,Japan,128001000,66892223,4579750920354.81,3.888,21.9407321004338,35779.02454164272,3,927.5373239271568,NA,NA,5429006212038.04,4482081297524.2,4350758602409.6
2007,"Korea, Rep.",48683638,24884098,1172614086539.86,3.013,9.91104300006547,24086.410439167674,3,1114.8186258003764,NA,NA,1685938280114.59,1414985950534.54,1137500027631.58
2007,"Macao SAR, China",515330,299524,18439981612.4086,3.27,6.94118331942639,35782.860715286515,3,1487.985791537703,NA,NA,53528418224.0836,39420147194.484,30396069454.6541
2007,Mongolia,2605643,1118127,4234999703.90059,7.2,3.77975800982713,1625.3184737512354,3,860.481881485375,NA,NA,22766536341.5375,17375296734.3116,6254129712.42599
2007,"Korea, Dem. People's Rep.",24356506,13918220,NA,2.98,8.76642158772691,NA,3,1125.4332411742475,NA,NA,NA,NA,NA
2008,China,1324655000,776378230,4594336785737.67,4.59,8.30353186248458,3468.327063075042,3,1219.608991431467,NA,NA,11348272829141.9,10045321032098.2,6241302053216.75
2008,"Hong Kong SAR, China",6957800,3680131,219278749139.734,3.56,12.8672679233498,31515.529210344364,3,1169.2299711855817,NA,NA,380107205579.866,325835277892.407,256910216906.595
2008,Japan,128063000,66726949,5106679115127.3,4.002,22.5817563321146,39876.303968572494,3,918.406417154057,NA,NA,5362539486135.2,4517267516318.56,4297492743392.06
2008,"Korea, Rep.",49054708,25067295,1047339010225.25,2.959,10.3017375916649,21350.427979823056,3,1074.3023490207036,NA,NA,1736735345459.39,1468996086974.66,1171772731392.34
2008,"Macao SAR, China",529038,315892,21027018332.6663,2.999,6.92529938747369,39745.76180286917,3,1509.2114820563736,NA,NA,55343750751.272,41542289243.7647,31426904577.5737
2008,Mongolia,2633887,1105129,5623216608.04288,5.565,3.80745191280949,2134.9498319566783,3,860.9985226842969,NA,NA,24792841843.2819,19286329499.5587,6810770268.31901
2008,"Korea, Dem. People's Rep.",24469047,14041864,NA,2.906,9.0356032255772,NA,3,1126.2007439120014,NA,NA,NA,NA,NA
2009,China,1331260000,775599063,5101691124285.21,4.72,8.45028202899818,3832.2274569094016,3,1221.9121215225734,NA,NA,12414865856391.4,11057234022822,6827904909100.22
2009,"Hong Kong SAR, China",6972800,3698404,214047795659.045,5.26,13.049293159088,30697.5383861641,3,1138.4608187156336,NA,NA,370760029299.946,319782965975.849,250592564806.644
2009,Japan,128047000,66456031,5289493117993.89,5.068,23.1658899836292,41308.99683705115,3,878.7183143689426,NA,NA,5057237438354.33,4295629000666.77,4052826324007.5
2009,"Korea, Rep.",49307835,25091241,943941876218.743,3.363,10.66672938446,19143.851605302545,3,1041.2490823978926,NA,NA,1750502428993.45,1454994406417.93,1181061361993.54
2009,"Macao SAR, China",543021,327792,21587786905.8499,3.58,6.96501608593406,39754.97615350033,3,1473.760785663456,NA,NA,56049055424.94,42331197291.911,31827411272.1253
2009,Mongolia,2666713,1121694,4583850367.88972,5.86,3.81315946132176,1718.9140218275156,3,863.8567728723975,NA,NA,24478320115.4333,19159108635.9686,6724368909.15607
2009,"Korea, Dem. People's Rep.",24581509,14200502,NA,2.895,9.28492632409182,NA,3,1132.1666187698052,NA,NA,NA,NA,NA
2010,China,1337705000,774058132,6087191746679.49,4.53,8.6165491604008,4550.473943567147,3,1239.7360266129738,NA,NA,13735294981706.8,12381936443545.5,7554112071638.2
2010,"Hong Kong SAR, China",7024200,3672023,228638668727.291,4.329,13.2853459984753,32550.136489178974,3,1154.578506842233,NA,NA,395851817028.978,345574088170.348,267551824019.333
2010,Japan,128070000,66231664,5759071769013.11,5.103,23.6005353278114,44968.156234973925,3,887.1357851175138,NA,NA,5264478877562.27,4525401285474.55,4218907820177.17
2010,"Korea, Rep.",49554112,25419751,1143672241149.72,3.324,11.0460909197177,23079.260125773617,3,1044.365760420408,NA,NA,1869621054468.93,1572680440074.07,1261430519849.42
2010,"Macao SAR, China",557297,338660,28241798491.593,2.84,7.07881075979236,50676.38708192041,3,1494.2764900919535,NA,NA,70130032374.0208,53609579795.7073,39823282764.9443
2010,Mongolia,2702520,1153589,7189481998.90094,6.549,3.80739087962346,2660.288175073983,3,868.1163010991191,NA,NA,26036404766.9935,20626275493.6859,7152385862.09146
2010,"Korea, Dem. People's Rep.",24686435,14356047,NA,2.825,9.53887611680512,NA,3,1132.1666187698052,NA,NA,NA,NA,NA
2011,China,1345035000,778323480,7551545703440.75,4.55,8.81614803226073,5614.386022252766,3,1242.0947791019246,NA,NA,15047129954669.4,13844365195917.5,8275592638197
2011,"Hong Kong SAR, China",7071600,3742584,248513617677.287,3.422,13.5772126976964,35142.48793445429,3,1154.1924395878068,NA,NA,414910949073.788,369685331700.329,280433678600.894
2011,Japan,127833000,65813075,6233147172341.35,4.55,23.9777797284484,48760.07894942111,3,883.4316021684541,NA,NA,5265732324912.24,4629400479632.82,4219912322037.65
2011,"Korea, Rep.",49936638,25870939,1253289537500.81,2.992,11.396675739125,25097.595426844917,3,1046.225338730763,NA,NA,1938529075321.33,1625275455251.2,1307922658113.4
2011,"Macao SAR, China",571003,352684,36845888757.1886,2.56,7.29085486416008,64528.36282329269,3,1494.2764900919535,NA,NA,85289794670.8109,66543283702.9431,48431741654.2069
2011,Mongolia,2743938,1195069,10409797377.8571,4.769,3.79848301938364,3793.7436552345935,3,871.6307356391351,NA,NA,30538301606.8939,24691841190.0464,8389088993.66654
2011,"Korea, Dem. People's Rep.",24783789,14498304,NA,2.903,9.80295204653832,NA,3,1130.5945033716073,NA,NA,NA,NA,NA
2012,China,1354190000,778937997,8532185381680.59,4.58,9.04930343173355,6300.582179517342,3,1243.9347540491167,18.3062291633771,0.726444673937926,16230396597386.1,15212933582532.8,8926363432826.3
2012,"Hong Kong SAR, China",7150100,3818310,262628865879.697,3.285,13.93621977147,36730.79619581502,3,1157.0406076456975,11.731918175962,0.743318554985245,421965736629.529,372875436044.484,285201930753.364
2012,Japan,127629000,65518909,6272362996105.03,4.358,24.6474521902233,49145.28043081925,3,887.3004176166859,13.0055239900687,0.6234702379553236,5338123032664.63,4799612889015.1,4277925608850.6
2012,"Korea, Rep.",50199853,26269374,1278046536287.01,2.812,11.7356495326759,25459.16890009638,3,1050.4874384784434,15.2008036396689,0.7306354662034568,1985102837153.81,1684562928828.18,1339345905332.01
2012,"Macao SAR, China",582766,359270,43189721376.9846,1.97,7.62912761800824,74111.60118638458,3,1518.4247961574736,12.5767352790526,0.7979411976676745,93172503506.2499,75587734812.7123,52907931558.6008
2012,Mongolia,2792349,1203558,12292770631.565,3.905,3.79109129983394,4402.3045226671165,3,1150.3990450939025,28.2124476560774,0.6799647895015989,34300565349.9306,28827895153.548,9422609644.69237
2012,"Korea, Dem. People's Rep.",24887770,14631733,NA,2.92,10.0589265329919,NA,3,1131.726858522496,20.8054638884882,0.6913561158753878,NA,NA,NA
2013,China,1363240000,779042510,9570471111831.68,4.6,9.32037728652277,7020.386074228808,3,1238.936621257156,18.3272907959873,0.7235233194448519,17490873558596,16374803441524.1,9619598215288.48
2013,"Hong Kong SAR, China",7178900,3880979,275696879834.966,3.4,14.3677323285678,38403.77771454763,3,1167.66866759225,11.6940289042092,0.7393823566284529,435053179869.491,384196203206.691,294047587536.961
2013,Japan,127445000,65768575,5212328181166.18,4.038,25.5814882963769,40898.647896474395,3,886.5856487112087,12.9021822740298,0.6151632939699478,5445157747028.93,5021591088716.88,4363702302795.86
2013,"Korea, Rep.",50428893,26634430,1370632955321.2,2.747,12.1180072054044,27179.5170146051,3,1053.6520801716983,14.6755856379674,0.7320640768378557,2047925558084.06,1726902752731.95,1381732300870.28
2013,"Macao SAR, China",593374,365781,51536595089.2793,1.82,8.04805067971522,86853.47704698773,3,1519.198329964936,12.6741420033082,0.7927782477830171,103191137902.363,88662888143.357,58597005083.4377
2013,Mongolia,2845153,1210993,12582122604.2577,4.231,3.79396050160387,4422.300876001291,3,1150.3990450939025,28.4528936663698,0.6775315773879296,38296209459.5173,30272589127.4882,10520241544.9149
2013,"Korea, Dem. People's Rep.",25001819,14763271,NA,2.93,10.2783241491349,NA,3,1131.726858522496,20.4290755804608,0.6929259827054983,NA,NA,NA
2014,China,1371860000,780062420,10475624944355.2,4.63,9.63318544271975,7636.074340206143,3,1237.100083398716,18.3608561183836,0.7200595840683451,18789704490483.8,17423231129699.6,10333926843443.8
2014,"Hong Kong SAR, China",7229500,3899441,291459995978.893,3.296,14.8919579395671,40315.37395101916,3,1141.577575703984,11.664100308711,0.7344394494778339,447070977943.674,394115663343.846,302170283094.041
2014,Japan,127276000,65973877,4896994405353.29,3.589,26.5269847082293,38475.395246183805,3,888.8165247179359,12.7939349089855,0.6067908010936862,5461286604529.39,5034454618847.27,4376627829637.51
2014,"Korea, Rep.",50746659,27387622,1484488526271.8,3.082,12.5359402512469,29252.931237735276,3,1056.5294160499038,14.2118744015851,0.7325218592222987,2113509427828.96,1792600237630.01,1425981639370.35
2014,"Macao SAR, China",604167,374705,54902831793.5018,1.67,8.49268496955312,90873.60248656712,3,1519.198329964936,12.7583102023116,0.787490875867103,101077470074.587,90217341071.955,57396760498.8101
2014,Mongolia,2902823,1241618,12226514668.0622,4.798,3.80438349227347,4211.939435529552,3,1150.0622726768238,28.8188306381117,0.673767914888369,41315951926.4775,32298614756.1739,11349786311.9875
2014,"Korea, Dem. People's Rep.",25126131,14892585,NA,2.883,10.4593679783012,NA,3,1131.726858522496,20.1023110163678,0.6943831901537089,NA,NA,NA
2015,China,1379860000,780709584,11061572618578.7,4.65,10.0200536738185,8016.445594899989,3,1230.1143528256362,18.3565683565715,0.7162337795138637,20112749379001.5,18216461648412,11061572618578.7
2015,"Hong Kong SAR, China",7291300,3940825,309385622601.348,3.314,15.4987301412051,42432.16197404414,3,1148.7662696119487,11.5991044939697,0.7290217108060291,457746312581.804,408626637207.136,309385622601.348
2015,Japan,127141000,66061546,4444930651964.18,3.385,27.3282004148449,34960.63938433849,3,885.8310222508868,12.673481930384,0.5999831761587529,5546516901265.65,5199915217476.25,4444930651964.18
2015,"Korea, Rep.",51014947,27788180,1466038936206.43,3.546,12.9575960702039,28737.439170649926,3,1065.9381453827875,13.7713099130236,0.7327109445002462,2172880090240.7,1933588947770.48,1466038936206.43
2015,"Macao SAR, China",615239,378525,45048190598.3249,1.81,8.94977399027045,73220.6355551662,3,1518.4247961574736,12.8680073922492,0.7818229988671069,79331256634.4379,70022650971.924,45048190598.3249
2015,Mongolia,2964749,1254113,11619892590.6941,4.861,3.83906088492835,3919.3512134396874,3,1150.0622726768238,29.2864976573898,0.6687443017941822,42299203744.5578,31655860016.5362,11619892590.6941
2015,"Korea, Dem. People's Rep.",25258015,15038607,NA,2.902,10.6741820368703,NA,3,1118.4024395724475,19.8277279509098,0.6949809001221988,NA,NA,NA
2016,China,1387790000,780524312,11233313730348.7,4.56,10.456798743801,8094.390167351472,3,1223.8590192204006,18.3474893622344,0.7119571188724518,21490223756848.4,19265339702246.8,11819153423353.8
2016,"Hong Kong SAR, China",7336600,3956680,320860317562.562,3.392,16.1074806140512,43734.19807029987,3,1136.3829047311358,11.6614176013293,0.7223110160019628,467704179446.74,416436291872.847,316116033650.239
2016,Japan,127076000,66669411,5003677627544.24,3.132,27.9459201402714,39375.47316207813,3,892.0687777393056,12.5450854975407,0.5950899461739432,5588328029133.45,5158900389806.61,4478437728055.55
2016,"Korea, Rep.",51217803,28041851,1499679823909.61,3.65,13.3636233447276,29280.440317004817,3,1063.3881736998578,13.3699301095085,0.7326644604416164,2236912296310.75,2026967821102.36,1509241369553.54
2016,"Macao SAR, China",626688,379880,45070808688.9611,1.939,9.42134728816629,71919.05491881302,3,1518.4247961574736,13.0301577258877,0.7754847707312091,78792578658.4285,70409197227.4457,44742302740.7026
2016,Mongolia,3029555,1248388,11181350649.3573,7.235,3.8797948675292,3690.756777598459,3,1150.0622726768238,29.8366145913533,0.6628359610569869,42929370719.9824,32468148776.2369,11793003947.8926
2016,"Korea, Dem. People's Rep.",25389611,15129331,NA,2.925,10.7634595110575,NA,3,1118.4024395724475,19.5888723935156,0.6964766809542691,NA,NA,NA
2017,China,1396215000,778674707,12310491333980.9,4.47,10.9463556609958,8817.045608291632,3,1219.8052123134707,18.4046800417816,0.7064896430707305,22983192752169.8,20594682031575,12640253743744.4
2017,"Hong Kong SAR, China",7393200,3982216,341273289534.466,3.124,16.6937869282238,46160.42979149299,3,1125.1681862636058,11.872998773641,0.7143320889465996,485458654332.651,438127783294.236,328116085022.703
2017,Japan,126972000,67225084,4930837369151.42,2.822,28.4639936602532,38834.05293412264,3,899.5360236902624,12.4010425124184,0.5913496361402514,5681951062992.72,5262254961496.86,4553466417292.21
2017,"Korea, Rep.",51361911,28349693,1623074183501.9,3.653,13.8733453411698,31600.73587413638,3,1047.1373232415124,13.0498634789107,0.7307679030867835,2307590576700.3,2103651261121.49,1556927899270.75
2017,"Macao SAR, China",638609,384274,50383871120.8733,1.987,9.92618331404662,78896.27474851326,3,1516.2191399509502,13.2681343357203,0.7680568235023308,86561548436.7647,78445696792.6888,49153906012.5357
2017,Mongolia,3096030,1282474,11480847740.736,6.359,3.92996901353815,3708.248221346693,3,1149.622431453488,30.4513409836696,0.6561867940556132,45349246281.1623,34940501306.6572,12457761002.7432
2017,"Korea, Dem. People's Rep.",25516321,15283296,NA,2.846,10.7035451798959,NA,3,1118.4024395724475,19.3871440285779,0.6990931020189,NA,NA,NA
2018,China,1402760000,776278514,13894907857880.6,4.31,11.4800533153961,9905.40638304528,3,1214.3269898692813,18.3905505900045,0.7012939611907952,24534506282427.8,22453857449614.6,13493442283300.8
2018,"Hong Kong SAR, China",7452600,4016701,361731070995.726,2.805,17.3158120203621,48537.56688883423,3,1128.510259371914,12.0485714533944,0.7063561710007246,499279232812.016,453865391644.541,337457259730.221
2018,Japan,126811000,68386819,5040880939324.86,2.467,28.9016543595685,39751.13309827113,3,900.9477095835534,12.2406114580054,0.5885773395052479,5718508226089.43,5344060957173.08,4582763011477.35
2018,"Korea, Rep.",51585058,28513895,1725373496825.43,3.824,14.453284736507,33447.15628361666,3,1033.4377835832363,12.7596372847442,0.7278707721914357,2374681552210.47,2220442287180.66,1602194079769.04
2018,"Macao SAR, China",650991,391158,55190661339.7796,1.834,10.4804060271187,84779.45369410576,3,1497.8715691587695,13.5929682591618,0.759265489077422,92105970121.6037,85476958220.8245,52302301429.5785
2018,Mongolia,3163991,1296309,13178094720.4986,5.377,4.01394947077915,4165.02282101896,3,1152.7883267498105,31.1069784964622,0.6487907203275862,48861491267.8209,39516811632.4633,13422599720.3616
2018,"Korea, Dem. People's Rep.",25638149,15433647,NA,2.784,10.7271236560969,NA,3,1118.4024395724475,19.2320393482377,0.7004083641139616,NA,NA,NA
2019,China,1407745000,775321104,14279968506271.7,4.56,12.0221158122819,10143.860220616449,3,1208.3755582556537,18.2615109348666,0.6971637327783086,25994432263673.9,24300741817604.1,14296369668065.2
2019,"Hong Kong SAR, China",7507900,3999862,363074545072.389,2.917,18.003176709449,48359.00119505973,3,1115.8752146057668,12.1882696271665,0.6980854832909336,490929154517.392,459644295764.893,331813535027.381
2019,Japan,126633000,69045531,5117993853016.51,2.351,29.2798136767022,40415.95676495471,3,890.7872355547132,12.0720495366003,0.5864813674160764,5695510147252.54,5404462313923.95,4564332550094.45
2019,"Korea, Rep.",51764822,28808833,1651422932447.77,3.746,15.0656921994541,31902.416904819456,3,1027.806045647152,12.4535136924578,0.7248079400330981,2427968880490.2,2270666072345.05,1638146960195.06
2019,"Macao SAR, China",663653,395161,55082293844.1008,1.749,11.0754498777598,82998.63610064416,3,1497.8715691587695,13.9684548766109,0.7495603877327459,89744812639.9525,84779825204.4918,50961520043.041
2019,Mongolia,3232430,1388801,14206359017.5143,9.269,4.12313710167538,4394.947150445423,3,1147.1885690765132,31.748055139331,0.6412881330763543,51598831338.4922,44456622358.2437,14174566537.4555
2019,"Korea, Dem. People's Rep.",25755441,15529009,NA,2.838,10.8693404020793,NA,3,1118.4024395724475,19.1085122384142,0.7002214794147769,NA,NA,NA
2020,China,1411100000,763684716,14687744162801,5,12.5982619560395,10408.719554107434,3,1208.3755582556537,18.0251204603043,0.6937661760328822,26576353594843,25246667832981.6,14616413683019.5
2020,"Hong Kong SAR, China",7481000,3919996,344943149590.058,5.808,18.7604182532697,46109.22999466087,3,1115.8752146057668,12.2435835691643,0.6899600320812725,458798927893.01,435300511002.663,310097073539.271
2020,Japan,126261000,68898380,5055587093501.59,2.809,29.5831784516048,40040.7655055923,3,863.4490823216195,11.9157072442963,0.5850111435835293,5459310569514.2,5358320688497.43,4375044252274.51
2020,"Korea, Rep.",51836239,28597159,1644312831906.17,3.931,15.8290693238877,31721.29891418569,3,987.5875446486656,12.1664146109619,0.7200451599121611,2410744496330.6,2340031075342.67,1626525694049.93
2020,"Macao SAR, China",676283,390747,25343525935.8358,2.566,11.6795039946295,37474.73459459398,3,1266.4746302216236,14.3349012173898,0.7398559478798077,40981182851.1234,39219148014.2066,23271131888.5223
2020,Mongolia,3294335,1359751,13312981429.0891,6.594,4.26028318310069,4041.174145643689,3,913.539075388291,32.2020073854056,0.6353770943149376,49247084583.6546,45560002626.38,13528524951.0287
2020,"Korea, Dem. People's Rep.",25867467,15312602,NA,3.029,11.1009496987084,NA,3,1114.4338521208872,19.0133633880735,0.6988568691321806,NA,NA,NA
2021,China,1412360000,780370660,17820459508852.2,4.55,13.149753271767,12617.50510411807,3,1208.3755582556537,17.66807221382,0.6918217451641224,28821648700423.3,28821648700423.3,15851276922873.1
2021,"Hong Kong SAR, China",7413100,3866026,368954169748.818,5.174,19.6032705508389,49770.56423747393,3,1115.8752146057668,12.1736732759554,0.6822305108524099,488411631115.747,488411631115.747,330111969064.701
2021,Japan,125681593,68881069,5034620784584.98,2.828,29.7870899106731,40058.5373276179,3,872.37588998934,11.7739664230637,0.5843894340199841,5599031809810.88,5599031809810.88,4487015645273.13
2021,"Korea, Rep.",51769539,28772631,1818432106880.04,3.639,16.6507647220471,35125.52249847232,3,1003.4532470973096,11.8923557199027,0.7145687930502916,2514520654062.95,2514520654062.95,1696543311942.81
2021,"Macao SAR, China",686607,399806,30969334705.0515,2.252,12.3214590005636,45104.89218002656,3,1459.2554663645597,14.6135999196047,0.7306494107983169,50626336573.1949,50626336573.1949,28748124711.4672
2021,Mongolia,3347782,1327149,15286441737.6686,7.747,4.41871597094495,4566.1401302918175,3,926.2324267228732,32.431183925479,0.6315010953520869,50053145881.8599,50053145881.8599,13749955731.6936
2021,"Korea, Dem. People's Rep.",25971909,15453092,NA,3.134,11.3573072352903,NA,3,1114.4338521208872,18.9482875517545,0.6969440713811218,NA,NA,NA
2022,China,1412175000,781808304,17881783387000.9,4.98,13.7223354484422,12662.583169225414,3,1208.3755582556537,17.2466388906573,0.6903102568732629,29683152015089.3,31773150449261.9,16325084918823.8
2022,"Hong Kong SAR, China",7346100,3761289,358696261481.16,4.318,20.4726283622418,48828.12124544452,3,1115.8752146057668,12.0406163016692,0.6748676168306993,470434405732.011,503557814285.826,317961363117.443
2022,Japan,125124989,69113783,4256410760723.75,2.6,29.9245612556866,34017.27180750242,3,877.3177052931936,11.6227275864859,0.5845271083300555,5652487834657.27,5895687814585.3,4529854841042.58
2022,"Korea, Rep.",51672569,29339606,1673916511799.71,2.857,17.4911355963666,32394.68337252034,3,1030.549497092711,11.5716420487458,0.7093722202973883,2580216835950.54,2667437701775.83,1740868427277.01
2022,"Macao SAR, China",695168,401157,24464719190.0616,2.476,12.995698165265,35192.52783508677,3,1267.9820859743606,14.8182059457527,0.7218614780887498,39791313038.3083,42593029712.5167,22595465267.459
2022,Mongolia,3398366,1389489,17146471713.748,6.211,4.6106717169369,5045.504726020681,3,926.7758134089074,32.4651170591985,0.6292421122386465,52572175378.1041,56273795885.4353,14441951078.838
2022,"Korea, Dem. People's Rep.",26069416,15772130,NA,2.965,11.714383787608,NA,3,1113.5638019338355,18.8979450307221,0.693876725124951,NA,NA,NA
2023,China,1410710000,779245529,17794781986104.5,4.67,14.2666115310985,12614.060994892288,3,1208.3755582556537,16.7879462657534,0.6894544222412827,31226675919835.9,34643706848019.9,17173989334581.7
2023,"Hong Kong SAR, China",7536100,3825407,382054574298.529,3.931,21.3736876399774,50696.59031840461,3,1115.8752146057668,11.8684925940804,0.6675781903106381,485559130474.637,538692245589.201,328183995725.401
2023,Japan,124516650,69349452,4212945159781.4,2.575,30.0676304224503,33834.39210564531,3,881.6039318783158,11.4688879139334,0.5846348179139095,5761188314580.8,6251558780213.59,4616966465093.54
2023,"Korea, Rep.",51712619,29610896,1712792854202.37,2.642,18.3783913115038,33121.371288550865,3,1029.7513648735987,11.2350646363971,0.7038654336961738,2615223495508.23,2794196215269.68,1764487367948.7
2023,"Macao SAR, China",704149,406588,47061843715.8565,2.246,13.6644277955179,66835.06433419134,3,1445.0895023474054,14.9968863146249,0.713387365458163,71836935028.1004,79697811075.4615,40792546071.1855
2023,Mongolia,3447157,1402844,19872180369.6275,6.134,4.84738653437986,5764.802812760631,3,930.1681769791196,32.2517849131596,0.6290081942888008,56264314983.4183,62421131192.2578,15456208129.696
2023,"Korea, Dem. People's Rep.",26160821,15836683,NA,3.004,12.1931300972334,NA,3,1109.4684936461138,18.8450924601125,0.6896177684943451,NA,NA,NA
